./models/gcn_s_relu.pth,"[16, 8, 4]",GCNConv,relu,"[4, 2, 1]",0.001,20,"[(0, 0.512), (1, 0.512), (2, 0.512), (3, 0.512), (4, 0.512), (5, 0.512), (6, 0.512), (7, 0.512), (8, 0.512), (9, 0.512), (10, 0.512), (11, 0.512), (12, 0.512), (13, 0.512), (14, 0.512), (15, 0.512), (16, 0.512), (17, 0.512), (18, 0.512), (19, 0.512)]","[(0, 0.502), (1, 0.502), (2, 0.502), (3, 0.502), (4, 0.502), (5, 0.502), (6, 0.502), (7, 0.502), (8, 0.502), (9, 0.502), (10, 0.502), (11, 0.502), (12, 0.502), (13, 0.502), (14, 0.502), (15, 0.502), (16, 0.502), (17, 0.502), (18, 0.502), (19, 0.502)]"
./models/gcn_s_leaky_relu.pth,"[16, 8, 4]",GCNConv,leaky_relu,"[4, 2, 1]",0.001,20,"[(0, 0.512), (1, 0.512), (2, 0.512), (3, 0.512), (4, 0.512), (5, 0.512), (6, 0.512), (7, 0.512), (8, 0.512), (9, 0.512), (10, 0.512), (11, 0.512), (12, 0.512), (13, 0.512), (14, 0.512), (15, 0.512), (16, 0.512), (17, 0.512), (18, 0.512), (19, 0.512)]","[(0, 0.502), (1, 0.502), (2, 0.502), (3, 0.502), (4, 0.502), (5, 0.502), (6, 0.502), (7, 0.502), (8, 0.502), (9, 0.502), (10, 0.502), (11, 0.502), (12, 0.502), (13, 0.502), (14, 0.502), (15, 0.502), (16, 0.502), (17, 0.502), (18, 0.502), (19, 0.502)]"
./models/gcn_s_sigmoid.pth,"[16, 8, 4]",GCNConv,sigmoid,"[4, 2, 1]",0.001,20,"[(0, 0.512), (1, 0.512), (2, 0.512), (3, 0.512), (4, 0.512), (5, 0.512), (6, 0.512), (7, 0.512), (8, 0.512), (9, 0.512), (10, 0.512), (11, 0.512), (12, 0.512), (13, 0.512), (14, 0.512), (15, 0.512), (16, 0.512), (17, 0.512), (18, 0.512), (19, 0.512)]","[(0, 0.502), (1, 0.502), (2, 0.502), (3, 0.502), (4, 0.502), (5, 0.502), (6, 0.502), (7, 0.502), (8, 0.502), (9, 0.502), (10, 0.502), (11, 0.502), (12, 0.502), (13, 0.502), (14, 0.502), (15, 0.502), (16, 0.502), (17, 0.502), (18, 0.502), (19, 0.502)]"
./models/gcn_s_tanh.pth,"[16, 8, 4]",GCNConv,tanh,"[4, 2, 1]",0.001,20,"[(0, 0.512), (1, 0.512), (2, 0.512), (3, 0.512), (4, 0.512), (5, 0.512), (6, 0.662), (7, 0.666), (8, 0.674), (9, 0.668), (10, 0.67), (11, 0.672), (12, 0.674), (13, 0.674), (14, 0.676), (15, 0.674), (16, 0.682), (17, 0.684), (18, 0.684), (19, 0.692)]","[(0, 0.502), (1, 0.502), (2, 0.502), (3, 0.502), (4, 0.502), (5, 0.502), (6, 0.626), (7, 0.628), (8, 0.628), (9, 0.63), (10, 0.638), (11, 0.63), (12, 0.634), (13, 0.632), (14, 0.63), (15, 0.632), (16, 0.632), (17, 0.628), (18, 0.626), (19, 0.626)]"

./models/gcn_m_relu.pth,"[256, 128, 128, 128, 64]",GCNConv,relu,"[64, 32, 16, 16, 1]",0.001,20,"[(0, 0.664), (1, 0.706), (2, 0.684), (3, 0.736), (4, 0.746), (5, 0.736), (6, 0.79), (7, 0.794), (8, 0.808), (9, 0.828), (10, 0.86), (11, 0.874), (12, 0.884), (13, 0.886), (14, 0.902), (15, 0.914), (16, 0.914), (17, 0.906), (18, 0.916), (19, 0.924)]","[(0, 0.634), (1, 0.652), (2, 0.63), (3, 0.66), (4, 0.662), (5, 0.648), (6, 0.682), (7, 0.642), (8, 0.676), (9, 0.65), (10, 0.684), (11, 0.692), (12, 0.68), (13, 0.686), (14, 0.688), (15, 0.684), (16, 0.684), (17, 0.686), (18, 0.666), (19, 0.666)]"
./models/gcn_m_leaky_relu.pth,"[256, 128, 128, 128, 64]",GCNConv,leaky_relu,"[64, 32, 16, 16, 1]",0.001,20,"[(0, 0.642), (1, 0.708), (2, 0.72), (3, 0.724), (4, 0.734), (5, 0.784), (6, 0.774), (7, 0.832), (8, 0.828), (9, 0.844), (10, 0.85), (11, 0.878), (12, 0.874), (13, 0.882), (14, 0.89), (15, 0.898), (16, 0.886), (17, 0.888), (18, 0.882), (19, 0.914)]","[(0, 0.618), (1, 0.648), (2, 0.662), (3, 0.662), (4, 0.676), (5, 0.682), (6, 0.642), (7, 0.684), (8, 0.654), (9, 0.648), (10, 0.666), (11, 0.676), (12, 0.692), (13, 0.682), (14, 0.686), (15, 0.676), (16, 0.698), (17, 0.682), (18, 0.686), (19, 0.694)]"
./models/gcn_m_sigmoid.pth,"[256, 128, 128, 128, 64]",GCNConv,sigmoid,"[64, 32, 16, 16, 1]",0.001,20,"[(0, 0.512), (1, 0.664), (2, 0.668), (3, 0.674), (4, 0.698), (5, 0.684), (6, 0.702), (7, 0.712), (8, 0.712), (9, 0.714), (10, 0.72), (11, 0.728), (12, 0.746), (13, 0.746), (14, 0.756), (15, 0.76), (16, 0.778), (17, 0.788), (18, 0.79), (19, 0.8)]","[(0, 0.502), (1, 0.64), (2, 0.642), (3, 0.65), (4, 0.632), (5, 0.652), (6, 0.666), (7, 0.666), (8, 0.66), (9, 0.672), (10, 0.676), (11, 0.674), (12, 0.678), (13, 0.676), (14, 0.688), (15, 0.688), (16, 0.698), (17, 0.69), (18, 0.696), (19, 0.722)]"
./models/gcn_m_tanh.pth,"[256, 128, 128, 128, 64]",GCNConv,tanh,"[64, 32, 16, 16, 1]",0.001,20,"[(0, 0.666), (1, 0.65), (2, 0.662), (3, 0.654), (4, 0.658), (5, 0.674), (6, 0.682), (7, 0.69), (8, 0.68), (9, 0.698), (10, 0.678), (11, 0.714), (12, 0.752), (13, 0.82), (14, 0.792), (15, 0.858), (16, 0.798), (17, 0.882), (18, 0.81), (19, 0.882)]","[(0, 0.626), (1, 0.618), (2, 0.618), (3, 0.622), (4, 0.626), (5, 0.62), (6, 0.63), (7, 0.632), (8, 0.622), (9, 0.63), (10, 0.626), (11, 0.624), (12, 0.62), (13, 0.648), (14, 0.638), (15, 0.678), (16, 0.658), (17, 0.652), (18, 0.656), (19, 0.662)]"

./models/gcn_l_relu.pth,"[2048, 2048, 2048, 2048, 1024, 1024, 512]",GCNConv,relu,"[512, 256, 128, 1]",0.0001,20,"[(0, 0.666), (1, 0.7), (2, 0.716), (3, 0.794), (4, 0.822), (5, 0.844), (6, 0.864), (7, 0.868), (8, 0.864), (9, 0.862), (10, 0.888), (11, 0.906), (12, 0.812), (13, 0.874), (14, 0.798), (15, 0.862), (16, 0.89), (17, 0.924), (18, 0.762), (19, 0.892)]","[(0, 0.626), (1, 0.644), (2, 0.638), (3, 0.678), (4, 0.664), (5, 0.682), (6, 0.682), (7, 0.678), (8, 0.684), (9, 0.676), (10, 0.684), (11, 0.69), (12, 0.652), (13, 0.66), (14, 0.674), (15, 0.652), (16, 0.652), (17, 0.666), (18, 0.626), (19, 0.63)]"
./models/gcn_l_leaky_relu.pth,"[2048, 2048, 2048, 2048, 1024, 1024, 512]",GCNConv,leaky_relu,"[512, 256, 128, 1]",0.0001,20,"[(0, 0.676), (1, 0.672), (2, 0.694), (3, 0.77), (4, 0.714), (5, 0.706), (6, 0.784), (7, 0.836), (8, 0.85), (9, 0.872), (10, 0.884), (11, 0.882), (12, 0.86), (13, 0.9), (14, 0.904), (15, 0.824), (16, 0.886), (17, 0.908), (18, 0.93), (19, 0.876)]","[(0, 0.624), (1, 0.624), (2, 0.63), (3, 0.64), (4, 0.628), (5, 0.62), (6, 0.644), (7, 0.666), (8, 0.672), (9, 0.688), (10, 0.672), (11, 0.676), (12, 0.656), (13, 0.668), (14, 0.664), (15, 0.646), (16, 0.686), (17, 0.654), (18, 0.644), (19, 0.654)]"
./models/gcn_l_sigmoid.pth,"[2048, 2048, 2048, 2048, 1024, 1024, 512]",GCNConv,sigmoid,"[512, 256, 128, 1]",0.0001,20,"[(0, 0.488), (1, 0.512), (2, 0.512), (3, 0.558), (4, 0.684), (5, 0.692), (6, 0.698), (7, 0.696), (8, 0.708), (9, 0.724), (10, 0.762), (11, 0.768), (12, 0.772), (13, 0.778), (14, 0.784), (15, 0.782), (16, 0.78), (17, 0.78), (18, 0.796), (19, 0.796)]","[(0, 0.498), (1, 0.502), (2, 0.502), (3, 0.524), (4, 0.624), (5, 0.626), (6, 0.642), (7, 0.65), (8, 0.652), (9, 0.662), (10, 0.708), (11, 0.702), (12, 0.716), (13, 0.724), (14, 0.712), (15, 0.72), (16, 0.722), (17, 0.722), (18, 0.704), (19, 0.71)]"
./models/gcn_l_tanh.pth,"[2048, 2048, 2048, 2048, 1024, 1024, 512]",GCNConv,tanh,"[512, 256, 128, 1]",0.0001,20,"[(0, 0.488), (1, 0.664), (2, 0.672), (3, 0.674), (4, 0.67), (5, 0.674), (6, 0.624), (7, 0.678), (8, 0.672), (9, 0.692), (10, 0.726), (11, 0.636), (12, 0.71), (13, 0.736), (14, 0.714), (15, 0.686), (16, 0.736), (17, 0.72), (18, 0.738), (19, 0.722)]","[(0, 0.496), (1, 0.62), (2, 0.632), (3, 0.622), (4, 0.626), (5, 0.634), (6, 0.558), (7, 0.588), (8, 0.608), (9, 0.598), (10, 0.64), (11, 0.63), (12, 0.632), (13, 0.644), (14, 0.65), (15, 0.618), (16, 0.616), (17, 0.652), (18, 0.664), (19, 0.66)]"


./models/sage_l_relu.pth,"[2048, 2048, 2048, 2048, 1024, 1024, 512]",SAGE,relu,"[512, 256, 128, 1]",0.0001,20,"[(0, 0.512), (1, 0.51), (2, 0.672), (3, 0.686), (4, 0.702), (5, 0.652), (6, 0.66), (7, 0.678), (8, 0.726), (9, 0.79), (10, 0.792), (11, 0.806), (12, 0.796), (13, 0.794), (14, 0.826), (15, 0.838), (16, 0.834), (17, 0.86), (18, 0.876), (19, 0.844)]","[(0, 0.502), (1, 0.502), (2, 0.608), (3, 0.61), (4, 0.612), (5, 0.624), (6, 0.626), (7, 0.626), (8, 0.7), (9, 0.696), (10, 0.728), (11, 0.74), (12, 0.704), (13, 0.676), (14, 0.696), (15, 0.726), (16, 0.716), (17, 0.718), (18, 0.716), (19, 0.678)]"
./models/sage_l_leaky_relu.pth,"[2048, 2048, 2048, 2048, 1024, 1024, 512]",SAGE,leaky_relu,"[512, 256, 128, 1]",0.0001,20,"[(0, 0.512), (1, 0.512), (2, 0.56), (3, 0.614), (4, 0.538), (5, 0.68), (6, 0.672), (7, 0.558), (8, 0.606), (9, 0.656), (10, 0.664), (11, 0.666), (12, 0.682), (13, 0.69), (14, 0.736), (15, 0.734), (16, 0.796), (17, 0.74), (18, 0.72), (19, 0.764)]","[(0, 0.502), (1, 0.502), (2, 0.516), (3, 0.568), (4, 0.568), (5, 0.644), (6, 0.654), (7, 0.522), (8, 0.556), (9, 0.618), (10, 0.618), (11, 0.608), (12, 0.608), (13, 0.622), (14, 0.638), (15, 0.662), (16, 0.686), (17, 0.688), (18, 0.658), (19, 0.656)]"
./models/sage_l_sigmoid.pth,"[2048, 2048, 2048, 2048, 1024, 1024, 512]",SAGE,sigmoid,"[512, 256, 128, 1]",0.0001,20,"[(0, 0.488), (1, 0.512), (2, 0.512), (3, 0.512), (4, 0.512), (5, 0.512), (6, 0.512), (7, 0.512), (8, 0.512), (9, 0.512), (10, 0.512), (11, 0.512), (12, 0.512), (13, 0.512), (14, 0.512), (15, 0.512), (16, 0.512), (17, 0.512), (18, 0.512), (19, 0.512)]","[(0, 0.498), (1, 0.502), (2, 0.502), (3, 0.502), (4, 0.502), (5, 0.502), (6, 0.502), (7, 0.502), (8, 0.502), (9, 0.502), (10, 0.502), (11, 0.502), (12, 0.502), (13, 0.502), (14, 0.502), (15, 0.502), (16, 0.502), (17, 0.502), (18, 0.502), (19, 0.502)]"
./models/sage_l_tanh.pth,"[2048, 2048, 2048, 2048, 1024, 1024, 512]",SAGE,tanh,"[512, 256, 128, 1]",0.0001,20,"[(0, 0.488), (1, 0.474), (2, 0.49), (3, 0.482), (4, 0.64), (5, 0.634), (6, 0.714), (7, 0.724), (8, 0.714), (9, 0.71), (10, 0.766), (11, 0.714), (12, 0.772), (13, 0.804), (14, 0.808), (15, 0.8), (16, 0.776), (17, 0.836), (18, 0.824), (19, 0.82)]","[(0, 0.498), (1, 0.49), (2, 0.498), (3, 0.502), (4, 0.596), (5, 0.57), (6, 0.644), (7, 0.67), (8, 0.654), (9, 0.622), (10, 0.664), (11, 0.656), (12, 0.686), (13, 0.708), (14, 0.732), (15, 0.706), (16, 0.69), (17, 0.698), (18, 0.714), (19, 0.722)]"
